{
  "accuracy": 0.8704,
  "precision": 0.8696,
  "recall": 0.8333,
  "f1": 0.8511,
  "confusion_matrix": {
    "tn": 27,
    "fp": 3,
    "fn": 4,
    "tp": 20
  },
  "train_samples": 218,
  "validation_samples": 54,
  "seed": 42,
  "test_size": 0.2,
  "loss_checkpoints": [
    0.693147,
    0.3741,
    0.367685,
    0.366087,
    0.365487,
    0.36522,
    0.36509,
    0.365023,
    0.364987,
    0.364967,
    0.364957,
    0.364951,
    0.364947,
    0.364945,
    0.364944,
    0.364943,
    0.364943,
    0.364943,
    0.364943,
    0.364943,
    0.364943,
    0.364943,
    0.364943,
    0.364943,
    0.364943
  ]
}