{
  "accuracy": 0.8704,
  "precision": 0.8696,
  "recall": 0.8333,
  "f1": 0.8511,
  "confusion_matrix": {
    "tn": 27,
    "fp": 3,
    "fn": 4,
    "tp": 20
  },
  "train_samples": 218,
  "validation_samples": 54,
  "seed": 42,
  "test_size": 0.2,
  "loss_checkpoints": [
    0.693147,
    0.374669,
    0.368283,
    0.366696,
    0.366102,
    0.365838,
    0.36571,
    0.365644,
    0.365609,
    0.36559,
    0.36558,
    0.365574,
    0.36557,
    0.365569,
    0.365568,
    0.365567,
    0.365567,
    0.365566,
    0.365566,
    0.365566,
    0.365566,
    0.365566,
    0.365566,
    0.365566,
    0.365566
  ]
}